[
    {
        "name": "Candle 1",
        "price": 400,
        "rating": 4,
        "product_image": [
            "https://res.cloudinary.com/dgqsrvolb/image/upload/v1719223015/ezjtipv9twtkpefbzqx1.jpg",
            "https://res.cloudinary.com/dgqsrvolb/image/upload/v1719224967/candle_1_2_lhducu.jpg"
        ],
        "description": "Experience tranquility with our Candle 1. This beautiful wax candle, standing at a height of 2.9 inches with a diameter of 3 inches, features a captivating purple hue that adds a touch of elegance to any space. Perfect for creating a serene ambiance, this aesthetically pleasing candle is an ideal choice for relaxation and decoration."
    },
    {
        "name": "Candle 2",
        "price": 100,
        "rating": 3,
        "product_image": [
            "https://res.cloudinary.com/dgqsrvolb/image/upload/v1719225475/candle_2_wy6xqw.jpg",
            "https://res.cloudinary.com/dgqsrvolb/image/upload/v1719225475/candle_2_2_gbnmvn.jpg"
        ],
        "description": "Discover the simplicity and elegance of our Candle 2. This compact wax candle, with a length and diameter of 2 inches, comes in a soothing off-white color. Perfect for minimalistic decor, this candle brings a sense of calm and purity to any room."
    },
    {
        "name": "Candle 3",
        "price": 200,
        "rating": 5,
        "product_image": [
            "https://res.cloudinary.com/dgqsrvolb/image/upload/v1719225476/candle_3_silekq.jpg",
            "https://res.cloudinary.com/dgqsrvolb/image/upload/v1719225476/candle_3_3_k1gjlg.jpg"
        ],
        "description": "Embrace a touch of nature with our Candle 3. This cylindrical wax candle, measuring 4 inches in length and 1.5 inches in diameter, features a unique blend of green and off-white colors. Its natural hues and sleek design make it a perfect addition to your home decor."
    },
    {
        "name": "Candle 4",
        "price": 200,
        "rating": 4,
        "product_image": [
            "https://res.cloudinary.com/dgqsrvolb/image/upload/v1719225476/candle_4_2_tlirni.jpg",
            "https://res.cloudinary.com/dgqsrvolb/image/upload/v1719225476/candle_4_hjzobi.jpg"
        ],
        "description": "Add a touch of sophistication with our Candle 4. This elegant wax candle has a unique tapered design, with a length of 3.5 inches, an upper diameter of 1.4 inches, and a lower diameter of 1.7 inches. Its classic shape and calming presence make it a perfect choice for any setting."
    },
    {
        "name": "Candle 5",
        "price": 250,
        "rating": 5,
        "product_image": [
            "https://res.cloudinary.com/dgqsrvolb/image/upload/v1719225480/candle_5_e62fwy.jpg",
            "https://res.cloudinary.com/dgqsrvolb/image/upload/v1719225476/candle_5_3_hvqu4r.jpg",
            "https://res.cloudinary.com/dgqsrvolb/image/upload/v1719225476/candle_5_2_ybipx1.jpg",
            "https://res.cloudinary.com/dgqsrvolb/image/upload/v1719225479/candle_5_4_leooyh.jpg"
        ],
        "description": "Immerse yourself in the serene beauty of our Candle 5. This stunning gel candle captures the essence of the Maldives with its pretty ocean blue hue. Perfect for creating a coastal ambiance, it adds a touch of paradise to your home decor."
    },
    {
        "name": "Candle 6",
        "price": 250,
        "rating": 4,
        "product_image": [
            "https://res.cloudinary.com/dgqsrvolb/image/upload/v1719225481/candle_6_2_egxoxb.jpg",
            "https://res.cloudinary.com/dgqsrvolb/image/upload/v1719225482/candle_6_r22src.jpg"
        ],
        "description": "Experience the unique charm of our Candle 6. This gel candle, adorned with decorative pebbles, brings a touch of nature indoors. Ideal for adding a rustic yet elegant touch to any setting."
    },
    {
        "name": "Candle 7",
        "price": 100,
        "rating": 3,
        "product_image": [
            "https://res.cloudinary.com/dgqsrvolb/image/upload/v1719225485/candle_7_xneqvd.jpg",
            "https://res.cloudinary.com/dgqsrvolb/image/upload/v1719225483/candle_7_2_tfsjbv.jpg",
            "https://res.cloudinary.com/dgqsrvolb/image/upload/v1719225484/candle_7_3_prlz2p.jpg",
            "https://res.cloudinary.com/dgqsrvolb/image/upload/v1719225484/candle_7_4_zg8z6s.jpg"
        ],
        "description": "Infuse your space with the natural beauty of our Candle 7. This gel candle features a lake weed aesthetic, offering a serene and earthy ambiance. Perfect for nature lovers and those seeking a touch of the outdoors indoors."
    },
    {
        "name": "Candle 8",
        "price": 100,
        "rating": 4,
        "product_image": [
            "https://res.cloudinary.com/dgqsrvolb/image/upload/v1719225487/candle_8_mgjsbz.jpg",
            "https://res.cloudinary.com/dgqsrvolb/image/upload/v1719225486/candle_8_2_vaekxc.jpg"
        ],
        "description": "Add a pop of color with our Candle 8. This striking red gel candle brings a vibrant and lively touch to any room. Perfect for festive occasions or simply brightening up your everyday decor."
    },
    {
        "name": "Candle 9",
        "price": 100,
        "rating": 4,
        "product_image": [
            "https://res.cloudinary.com/dgqsrvolb/image/upload/v1719225489/candle_10_3_tkovcf.jpg",
            "https://res.cloudinary.com/dgqsrvolb/image/upload/v1719225489/candle_10_birqu4.jpg",
            "https://res.cloudinary.com/dgqsrvolb/image/upload/v1719225487/candle_10_2_alctiv.jpg"
        ],
        "description": "Enhance your room decor with our Candle 9. This delightful gel candle features embedded flowers, adding a touch of natural beauty and elegance to any space. Perfect for creating a serene and inviting atmosphere."
    },
    {
        "name": "Candle 10",
        "price": 100,
        "rating": 3,
        "product_image": [
            "https://res.cloudinary.com/dgqsrvolb/image/upload/v1719225491/candle_11_munlfw.jpg"
        ],
        "description": "Bring the desert indoors with our Candle 10. This gel candle captures the essence of a desert landscape, providing a unique and calming aesthetic for your home decor."
    },
    {
        "name": "Candle 11",
        "price": 100,
        "rating": 4,
        "product_image": [
            "https://res.cloudinary.com/dgqsrvolb/image/upload/v1719225492/candle_12_z0tcoz.jpg"
        ],
        "description": "Dive into tranquility with our Candle 11. Featuring an underwater aesthetic, this gel candle brings the serene beauty of the ocean to your home. Ideal for those who love the sea and its calming effect."
    },
    {
        "name": "Candle 12",
        "price": 250,
        "rating": 5,
        "product_image": [
            "https://res.cloudinary.com/dgqsrvolb/image/upload/v1719225494/candle_13_vybwin.jpg",
            "https://res.cloudinary.com/dgqsrvolb/image/upload/v1719225493/candle_13_2_sakj6c.jpg",
            "https://res.cloudinary.com/dgqsrvolb/image/upload/v1719225493/candle_13_3_mw2rro.jpg"
        ],
        "description": "Adorn your space with the elegance of our Candle 12. This pleasing purple wax candle stands 4 inches tall, with a thickness of 1.2 inches and a breadth of 1.9 inches. Its sophisticated design and rich color make it a perfect addition to any decor."
    },
    {
        "name": "Candle 13",
        "price": 250,
        "rating": 4,
        "product_image": [
            "https://res.cloudinary.com/dgqsrvolb/image/upload/v1719225495/candle_14_2_lohhyg.jpg",
            "https://res.cloudinary.com/dgqsrvolb/image/upload/v1719225496/candle_14_kadbhv.jpg"
        ],
        "description": "Experience understated elegance with our Candle 13. This wax candle, standing at a height of 3.6 inches with a diameter of 1.2 inches, offers a sleek and minimalist design that complements any decor style."
    },
    {
        "name": "Candle 14",
        "price": 150,
        "rating": 5,
        "product_image": [
            "https://res.cloudinary.com/dgqsrvolb/image/upload/v1719225498/candle_15_3_zv8eny.jpg",
            "https://res.cloudinary.com/dgqsrvolb/image/upload/v1719225498/candle_15_diz0e1.jpg",
            "https://res.cloudinary.com/dgqsrvolb/image/upload/v1719225497/candle_15_2_dtlr1r.jpg"
        ],
        "description": "Immerse yourself in the deep ocean blue of our Candle 14. This stunning wax candle features a length of 4 inches, with an upper diameter of 1.4 inches and a lower diameter of 1.8 inches. Its rich color and elegant design make it a striking addition to any room."
    },
    {
        "name": "Candle 15",
        "price": 200,
        "rating": 4,
        "product_image": [
            "https://res.cloudinary.com/dgqsrvolb/image/upload/v1719225500/candle_16_xsm7fo.jpg",
            "https://res.cloudinary.com/dgqsrvolb/image/upload/v1719225499/candle_16_2_ssn5eu.jpg"
        ],
        "description": "Add a touch of creativity with our Candle 15. This wax candle, measuring 3.1 inches in length with a diameter of 1.9 inches, features a unique zig zag design that adds a playful and artistic element to your decor."
    },
    {
        "name": "Candle 16",
        "price": 250,
        "rating": 4,
        "product_image": [
            "https://res.cloudinary.com/dgqsrvolb/image/upload/v1719225652/candle_26_x67fwd.jpg",
            "https://res.cloudinary.com/dgqsrvolb/image/upload/v1719225651/candle_26_2_thvlgg.jpg"
        ],
        "description": "Transform your room into a rose garden with Candle 16. This wax candle, crafted in the shape of a rose, fills your space with a touch of natural elegance."
    },
    {
        "name": "Candle 17",
        "price": 50,
        "rating": 3,
        "product_image": [
            "https://res.cloudinary.com/dgqsrvolb/image/upload/v1719225505/candle_18_adxwxz.jpg",
            "https://res.cloudinary.com/dgqsrvolb/image/upload/v1719225503/candle_18_2_lrnbnl.jpg",
            "https://res.cloudinary.com/dgqsrvolb/image/upload/v1719225504/candle_18_3_gegyvb.jpg"
        ],
        "description": "Create a magical ambiance with Candle 17, a set of 5 floating wax candles. Perfect for water displays or adding a whimsical touch to your decor."
    },
    {
        "name": "Candle 18",
        "price": 400,
        "rating": 5,
        "product_image": [
            "https://res.cloudinary.com/dgqsrvolb/image/upload/v1719225515/candle_19_e0bd4m.jpg",
            "https://res.cloudinary.com/dgqsrvolb/image/upload/v1719225506/candle_19_2_q9xcmc.jpg"
        ],
        "description": "Experience the wonder of the cosmos with Candle 18. This wax candle captures the beauty of a galaxy, providing a stellar addition to your home."
    },
    {
        "name": "Candle 19",
        "price": 350,
        "rating": 4,
        "product_image": [
            "https://res.cloudinary.com/dgqsrvolb/image/upload/v1719225515/candle_20_2_qyejt8.jpg",
            "https://res.cloudinary.com/dgqsrvolb/image/upload/v1719225515/candle_20_ks5lt1.jpg"
        ],
        "description": "Add a splash of color with Candle 19. This uniquely structured wax candle, standing at 4 inches with a circumference of 9.5 inches, boasts vibrant hues that brighten any room."
    },
    {
        "name": "Candle 20",
        "price": 150,
        "rating": 4,
        "product_image": [
            "https://res.cloudinary.com/dgqsrvolb/image/upload/v1719225642/candle_21_zzg4wh.jpg",
            "https://res.cloudinary.com/dgqsrvolb/image/upload/v1719225562/candle_21_2_lkho6d.jpg"
        ],
        "description": "Elevate your decor with Candle 20. This twin-colored tower wax candle, measuring 4.4 inches in height and 2.2 inches in base diameter, adds a sophisticated touch to any setting."
    },
    {
        "name": "Candle 21",
        "price": 400,
        "rating": 5,
        "product_image": [
            "https://res.cloudinary.com/dgqsrvolb/image/upload/v1719225643/candle_22_cojpjt.jpg",
            "https://res.cloudinary.com/dgqsrvolb/image/upload/v1719225642/candle_22_2_zapdeh.jpg"
        ],
        "description": "Marble lovers rejoice with Candle 21. This wax candle, with a length of 2.5 inches and a diameter of 3 inches, features a stunning marble look that adds a luxurious feel to your decor."
    },
    {
        "name": "Candle 22",
        "price": 400,
        "rating": 5,
        "product_image": [
            "https://res.cloudinary.com/dgqsrvolb/image/upload/v1719225646/candle_23_zbn5ri.jpg"
        ],
        "description": "Brighten up your space with Candle 22, a pack of 5 random egg-shaped wax candles. Each candle brings a unique charm and color to your decor."
    },
    {
        "name": "Candle 23",
        "price": 350,
        "rating": 4,
        "product_image": [
            "https://res.cloudinary.com/dgqsrvolb/image/upload/v1719225646/candle_24_2_lskzzy.jpg",
            "https://res.cloudinary.com/dgqsrvolb/image/upload/v1719225646/candle_24_i3p2wi.jpg"
        ],
        "description": "Bring a pop of color with Candle 23. This orange ball-shaped wax candle, with a height of 4 inches and a circumference of 9.5 inches, is perfect for adding a vibrant touch to any space."
    },
    {
        "name": "Candle 24",
        "price": 100,
        "rating": 3,
        "product_image": [
            "https://res.cloudinary.com/dgqsrvolb/image/upload/v1719225650/candle_25_lkvhea.jpg",
            "https://res.cloudinary.com/dgqsrvolb/image/upload/v1719225647/candle_25_2_je4ojm.jpg"
        ],
        "description": "Simplicity at its finest with Candle 24. This white wax candle, measuring 2 inches in length and diameter, offers a clean and minimalistic aesthetic for any decor style."
    },
    {
        "name": "Candle 25",
        "price": 150,
        "rating": 4,
        "product_image": [
            "https://res.cloudinary.com/dgqsrvolb/image/upload/v1719225501/candle_17_3_zqyl0r.jpg",
            "https://res.cloudinary.com/dgqsrvolb/image/upload/v1719225501/candle_17_2_oopqjy.jpg",
            "https://res.cloudinary.com/dgqsrvolb/image/upload/v1719225502/candle_17_mngrje.jpg"
        ],
        "description": "Delight in the whimsical design of Candle 25. This wax candle features butterflies stacked on top of each other, with a length of 2.8 inches, bringing a playful touch to your decor."
    }
]
