[
    { "state": "Bihar", "shipping": 40 },
    { "state": "West Bengal", "shipping": 44 },
    { "state": "Odisha", "shipping": 48 },
    { "state": "Chhattisgarh", "shipping": 52 },
    { "state": "Uttar Pradesh", "shipping": 56 },
    { "state": "Madhya Pradesh", "shipping": 60 },
    { "state": "Andhra Pradesh", "shipping": 64 },
    { "state": "Telangana", "shipping": 68 },
    { "state": "Maharashtra", "shipping": 72 },
    { "state": "Sikkim", "shipping": 76 },
    { "state": "Assam", "shipping": 80 },
    { "state": "Haryana", "shipping": 84 },
    { "state": "Punjab", "shipping": 88 },
    { "state": "Delhi", "shipping": 92 },
    { "state": "Rajasthan", "shipping": 96 },
    { "state": "Gujarat", "shipping": 100 },
    { "state": "Karnataka", "shipping": 104 },
    { "state": "Tamil Nadu", "shipping": 108 },
    { "state": "Kerala", "shipping": 112 },
    { "state": "Himachal Pradesh", "shipping": 116 },
    { "state": "Uttarakhand", "shipping": 120 },
    { "state": "Manipur", "shipping": 124 },
    { "state": "Meghalaya", "shipping": 128 },
    { "state": "Mizoram", "shipping": 132 },
    { "state": "Nagaland", "shipping": 136 },
    { "state": "Arunachal Pradesh", "shipping": 140 },
    { "state": "Jammu & Kashmir", "shipping": 144 },
    { "state": "Ladakh", "shipping": 148 },
    { "state": "Goa", "shipping": 152 },
    { "state": "Chandigarh", "shipping": 156 },
    { "state": "Puducherry", "shipping": 160 },
    { "state": "Dadra and Nagar Haveli and Daman & Diu", "shipping": 164 },
    { "state": "Andaman and Nicobar Islands", "shipping": 200 },
    { "state": "Lakshadweep", "shipping": 200 }
  ]
  